recording.group,recording.name
8a33ef19-5d2b-42d9-927f-6f1e898e1fb3,KOVEN
88004ed1-7414-42c7-b625-3396b3dec983,BL▲CK SUN RITU▲L
093a1cf4-09ef-4b1f-b184-533a3ae1577a,ILLEG▲L GR▲VE MUSIC
a90e5bc8-73df-4369-b4f6-7649b9784aa2,CH▲NCTONBURY
3d6e4e87-028d-4016-83ec-9632c2ee759a,STORMFYNDER
67925e65-23f6-4dca-8829-ff0f8fbf6902,RING OF SORROWS
96c59bfd-cc6e-43dd-89d4-13e519d16a39,D▲RK PE▲KS
25ad1cbd-fb6e-4d02-9a0d-fa3923fc7dff,D▲WN SHROUDS
db9dfe44-a0ee-4c2d-9f2f-e59d7d3bf2ba,A Little Lesson in the Movie Biz
cee56381-268a-492f-a401-7c47e04f0a13,El Rio Intro
66eb0750-2646-457c-a545-8738942b908e,Get a Job
8765535b-a38d-4ab8-8379-7f766addee3b,Bing Bong
c9e25757-91e3-40f3-9769-a8983aa0abab,I Sold My Heart To The Junkman
214eb5a7-19f7-466c-97af-b78ac2ab1457,I Am Lonely
75307bd7-fbe0-4aac-bc58-2b7bc03d440f,Voodoo Eyes
a62566be-5b97-4771-b98c-e9bf6d336fa8,Never Will Part
8bdca10c-2ebe-40e6-8555-83edaaf06cd8,Evelyn
a653f9b4-c2ce-46a4-95d0-d6392a03fc34,Vision In The Night
4d866555-282a-495b-b60b-acce62514e9d,Rent Man
f71c0d82-e9a5-4b79-bab3-14e0cec3ec15,Not Me Baby
c6db957a-8e67-4b1b-9c88-ec1908963d91,Heading For The Poorhouse
a7605a81-c877-49bd-93ab-932fea0915c6,Miss Thing
14010694-c3d2-4338-8b21-d11fcd33b2b4,What Would You Do
9e8416db-443d-4a5c-b4c4-d93d5e72fbd3,Your Love Is All I Need
dfd1ed04-b921-4272-bee4-ec0f6093130d,Wish I Could Be There
21b7465b-1ea3-40f4-83dd-75c498008bde,Brown Mountain Light
d3b78e49-3edf-4a52-ad5e-fe04475d93a6,Java
310f451e-f5f5-4fb7-ae32-a91877ae0f6e,Smile
264bfc88-81c3-4964-afaf-ca0c87351a08,Change the World
79cee232-508f-4822-bc3c-b52814db6598,Just Lie to Me
c3c0f07d-d28e-4993-a9d4-3174874a3a6e,Way Down
3de30964-82eb-478b-af0c-788aa046ec2b,Don't Ask Me
0cce5895-938a-492e-84b5-57b9a2c4f4cb,Awake
82807a81-1675-4c90-af83-558373d92843,Promise
b584b887-960b-4390-a54a-52a31938134d,Letter to Myself
921d79e9-2558-4abf-9b33-cfcb4e523506,Superhero
88a7a963-1824-4336-a661-0f7549534976,Dumb
9b78b0d3-5aa9-4f94-a173-3a5437599552,Ordinary Man
9b0cd0ec-4905-4338-aebd-1cd606a3c8a6,Blinded
e9dffdfd-5ea6-49a4-8556-18178c179692,Help
5f59f9c6-05a0-40b1-97f5-b47624754f34,The Last Sad Song
3d702745-6941-49b4-9722-20f321f303f6,Fade
dfa2b3e1-f8f1-4bae-a3ed-c3bc582748f1,Come Undone
fd22d876-ff01-4900-8a5b-33dceffe3eb3,Over My Head
c97d5829-c1c5-4e6b-a8d8-d21570b6d26f,December 31st 1999
915b4e9d-ad3b-4890-a8c0-2e3602dfccfe,So Loud
6de9bd48-a870-482c-9c87-990be50c3586,The Hey Song
16838aaf-6189-4e1c-b2cb-8eb42f20142b,Wrapped in Bliss
641fcada-3500-4eb5-bd00-50044c12c6dd,Get 'em Out
ec4153a1-1dc8-4c95-83ac-3b9201ae3dcb,Beautiful Suicide
3de42812-b15c-4a8d-9a1d-ee98d6c2706a,Ocean Temporal
cd606a61-b3b9-46b6-a7c6-a710b4206726,Amongst Us
73edc091-2a23-4737-a6fe-d71815d54b47,When You Gonna Come Down?
c73c817c-aaf5-499d-897c-8371be038a5b,The Walls Don't Look Like They Used To
19584112-c0e1-42f2-a372-928cf62a06f3,We're All Damaged (Fractured Mindscape edit)
c1d121de-d731-4dac-8315-e861c505828d,Rembulan Malam
cf025d3e-dcae-4205-bb30-16d5a200c9d3,Tanda Merah
4140ff52-ba37-44a2-a305-c45c57b5bc46,Jatuh Cinta Lagi
0b56e898-0cd2-4749-8ff0-aa6920979763,Suara Hati
301c7418-4b0e-4eb0-aea2-e5d2f5a347c1,Kandas
1d82ac29-e6a0-4624-af50-bc29f9d1a642,Seribu Purnama
3e595309-ee1e-4c67-a707-357dcee057bd,Kerinduan
1b238346-054f-4702-8dde-ca3d7cdfd5de,Selamat Malam
7faeb2d4-72f6-4709-8887-6c0416197a0c,Janji
f5103f6e-95ab-427f-a5ec-efbfe24c5f2d,Lilin Putih
f4fd98e7-1897-43b5-956b-68f37ea49877,Aku Rindu Padamu
0516b6e9-ed26-4798-919e-f537f1d5623e,Getar
9cf80e84-4b51-4c8a-9fa4-b90066e172de,Magnificent Journey
bebdbbc2-7837-468c-a8d2-194b00c6073f,Brass Frontier
ab3574df-383a-4d31-9036-598dfe4d6c15,Light & Lively
2937ce1c-cb35-4ba1-8da5-884107275460,Night Lights
53a789f2-bbbb-418b-9a9c-53214816a34b,Hyper Brass
99ed9da5-0a7d-40b2-b3c0-09fe992f470a,Dreadful Dream
60437bf2-3e5a-41fd-9a18-b5b34791d214,Synthetic Rendez-Vous
9f1861a9-e00b-4897-b174-fc1f2b0f50bc,Electronic Parade
09869697-eb46-4669-b12c-caa5f6426406,Delightful Waters
039d19ae-95e3-4de6-b7a4-6fe7f9d1784e,Prime Time Bolero
1c2862b3-ea01-4b53-b58c-bf91b8f85df2,Night Patrol
9bbbdce4-b7dd-43bf-a171-c48c7a52fcd6,Pep Water
35963783-d2a7-448f-af87-ac9b013e319c,Early Bird Song
562721bc-225b-4f99-8ee0-f188d864deee,Red Spot
75140361-3f92-4405-9e0d-d1ae75c7db9a,Upstairs
77429989-4449-4ce9-8277-61139b4b310a,Flossy Lips
52917ef6-88b3-45e6-b53a-75ec8d00424d,Daily Games
1f49e440-ff6a-4a0d-a615-cfd008ff7f2f,Zest of Lemon
e1ce3486-1019-4e85-93d4-32fa48a95a00,Vanilla Ice
85a8e3f4-8d90-4af7-82ee-b810371600fa,Queen's Cat
e11ed36a-0fb9-4bf0-a8df-6e3c96b3a27d,Yellow Stone
da966fd7-ef68-4a23-abc7-8e0b1ba8ae1b,Deep Ruby Lips
c93a3ec0-4029-480c-b730-59e270c8c127,Beauty Street
9a0c5bbd-5c13-4ade-bcde-fde92f2f4bc2,Diamond Shaped
12c74a5e-613b-4c75-b998-cb383f34f46d,Aquamarine Song
14ab2aeb-4fd3-4dfa-bb72-f699f1d9606e,Wide Angle (a)
13f151f9-821c-4afd-a77f-d3ebc8607d95,Close Up (a)
1cc9cef2-5dd8-479f-99f6-786585288291,Light Spot (b)
860f65a0-bb4d-4939-bb26-6803b074224d,Sweet Lullaby (b)
cde9d7b9-cf70-445f-b8ee-b012e51383bc,In a Strange Garden
53f12aeb-a433-49c3-8d39-17c2539b946a,Flux and Reflux
f858e118-4fa3-4bfb-aede-09c68b178d48,Yen of You
7b2d2ab3-43ed-41ae-9a30-a8ba5eaf56a6,Sound Collection
7970a2d4-97eb-40d5-ad6b-53ac22f8b223,Merry Morning
b9008155-3869-48a1-88dc-8999f00fd33f,Moonsigh
a4b5ce95-758b-4ff2-ae53-27734288e62f,Khol and Blush
27efbc00-2783-44fd-a6b7-3f01f44fe776,Rocking-Chair
8e2f574c-477c-43a0-a15d-4863bf0d5770,Nirvana 79
54e2cd29-4bcc-45c5-b44b-57afb47c1f81,Fingersliding
97177e84-2c9b-46fe-93d1-d16e6744d1be,Zirconium
8f626496-7e18-4ff4-a28e-d89769c6c52a,Black Topaz
7d6ad78d-c616-40bd-94b1-0c267cd41e61,Sesame
f4717c4b-ec79-4633-862c-cfd2b68390ae,Assymetric Sound (a)
bd5158af-a430-466a-b8f7-27328b92b617,Evening Waltz (b)
26c21e1b-8f23-4aff-aca8-661dc7510117,Like a Paperkite
4e0de8f4-c140-4a3a-b1bf-7023c93a92f4,Last Night
bb9bce44-75c6-44d0-8a7c-3e2a69cf1e44,Blue Dahlia
d78ce740-8712-4f93-a471-447d4b90b54a,Blue Wave
c41c9b4f-9410-4261-9781-21cbaac67179,Prince Road
d9f324d3-d7f7-49fa-9272-081c25391339,Puppet Music
443a98d7-3d00-4ea1-b30c-767fe7f8319d,Wooing a Woman
e4afb03d-8d0b-4a17-acf0-aea5333a6bf2,Beryl Stone
0a8c78c3-eba9-4830-bf7a-ca5391826549,Onyx One
bc2d4ed9-4a99-4d70-9219-1cfbdda3ce3c,Sun Show (a)
89dee84e-a5e9-4809-b24b-93a394e11e58,Four & Five (c)
9b068ee1-9d42-4b47-a482-92f18a0ad1f9,Cannabis Dream
e726f82d-d490-4ee2-ac3c-cc8ce6d23aa3,Red Fever
504bcf20-f338-4589-a21e-828df27532d0,For a Quite Day
1551209a-1bc6-4872-b9a5-d6956f020f06,Old Country Song
42b9684c-1efb-4656-aeba-5e78e9c50501,Green Flower
1bc24e42-b7ad-4a31-87e3-5faa111f4c1a,Yearning Lady
7d7d7c30-aac8-4452-8bcf-eaf6736a5035,Old Fashion
4288b8dc-dab8-49c9-ae7d-d7d6bf79d382,Slim Cat Song
f34e37ac-68e9-4136-85bd-deee368a5d25,Sapphire Song
436f7cf3-6859-4264-ad27-0c4c1a4fb235,Lapis-Lazuli
faab6382-0934-440a-8484-6653bb9de4c6,My Fair Queen
349d96ba-e2d6-4e76-a3d2-b9ff2cd1f79c,Classical Time
01073f0c-a06e-43ba-8c5b-231f57464d85,Making It
f6c244c9-fcdd-4bc0-89f4-9f11a0c43dfd,Coming Home
7c7d407f-a3cd-42ff-9283-611ac074e9bc,Intro
c0cabe2d-cd02-4983-89c8-d37fd0d69466,Atlantis
3a016903-fa19-43bc-b3a2-0f14f2c6218c,Eat Babies N' Shit
085ad96f-0cac-4484-beca-34db6b5c1728,Ripping Off Your Mother's Head
ec84afdc-2430-4310-8347-576384a44230,"Bitch Please, I'm a Ninja"
5472e17c-0b4c-4ca5-91c0-84bce277ffec,Lego
4fc69955-5ffd-4166-838e-dc60a84642d0,Axe to the Face
3bd24913-ef03-4533-8275-735370fb92ba,What?
93bdc34a-e543-45a5-8408-c06638a82fa8,PANIC!
685deb92-1241-4945-a73a-ee82daa8dd1f,Crack Head
5b00de58-cb80-44dc-9be9-d967f8ba203f,Straight Hate
8e23c83c-7dad-403b-837b-231585f24e43,Time Out.
b6d3eff6-c371-4dd5-991e-2ed15adc5bc2,Kick Yo Face Off
8cb34c0b-70e9-4fc9-930e-864eda810b7b,Burning Flesh
177f8b31-748b-49d6-9adf-60da1fcd751d,Ripping Teeth
8d4f0452-8433-45cb-a3da-339f0aa6cf7a,High Explosive Grenade in Your Rectum
b92aef80-eaf0-4438-b1d9-8528cd4e34ac,We Call Him It
43216ed3-05dc-4ec6-8707-a9bb086d51ef,"Eww Nigga, You Smell Like French Fries"
8ce77fde-2ccb-4d82-915a-620c5d50daa0,OPPD
f1e8204e-0062-4da9-a19c-f533a3f7c1c2,Gutted
8ebd0c0e-3c92-4fc2-b810-39afd133f957,1 by 1
cc123c38-53dd-4997-bd63-eecda2a10c67,O5
e1c755f1-a10f-4086-9a87-1e0768b8ff0f,Da Muzik
8914ea3e-5e8d-4145-92f2-a8c755949d06,Control
12745692-0c93-4135-87e6-fd6baa33733d,Bodyrock
3bd45d85-f8ed-4264-9ffb-00c1a9716bbb,I Will Survive
6fcffb35-4947-4e41-850c-8bf27ae9aef1,Let's Beat Milo Together
2e6da808-9aed-4288-bea6-aa7fbac539f2,Intro
8efad332-645f-42bc-b3d6-c20854bc573b,Oriental Flower
cfc48e74-0da2-4377-868a-04454bfa9f51,Gettin' on Way
a38e0cf6-20ad-4e51-a74e-9fe456a50c76,Half & Half
c60e6c91-3a19-4fe7-a262-647b90a14b23,Nuttin' Out Jones
66306b88-1372-4892-89d0-8e212a123fca,Aborigine Dance in Scotland
9d0c675e-5fab-468e-89bb-d4d2d920e328,Just Us Blues
41c2cd7d-003b-4be0-b7bf-ccdc87892101,Clouding of Consciousness
ee58c52d-9099-4bdf-9600-ed3be2fecb8d,Outro
0a51ca03-30e0-4bd3-a5ac-f341083a9c79,To the Depths (in Degradation)
05d976a6-8a16-4ce7-9d81-211a139fe881,Chamber of Reunion
13a3e451-603e-43b7-bc57-a34ea2b2fa89,Braded Into Palsy
bfe10d6d-35ee-4291-ba61-438f8ff8236b,Epicurean Entrails
445afea2-8a15-4bfd-8e2f-269ed8bf765b,Excoriation Killz the Bliss
cea50e6f-d15d-482a-91e3-69db0beabc1d,Mephetic Exhumation
abf7a81d-6edc-4647-85cc-02d37bc23e75,A Viscidy Slippery Secretion
0925a543-292f-4975-8c68-1083f57186a1,A Higher Art of Immutable Beauty
2cbdcca2-312c-4f61-842e-5d8b6ff03446,Endless Circles
3ef90b56-b36d-4f9d-882d-3ccf36558930,In These Shoes
89632179-dbb9-437a-af73-65422a623a8e,Someday you Might Find
a360cef4-fd93-4600-ac52-9b1f4df70a4b,Listen To Me
b0602aa5-dd56-4467-8d6d-f840bc194e36,You Want Hard
8fecc029-107b-4f60-bde1-2a615008fe57,Walk in the Sky
92bee3ca-90d9-47e1-8ba8-b97e97fbfa3b,Only Courage
48e72002-1150-4c30-ad83-5448a224def3,Confidentiality
0fad4ba2-63f0-43f3-8f12-8b8d7d1e1131,Fillin Up My Cup
9466923a-ebc3-4b25-8303-9ce3bf3b0ce9,Cupid's Joke (Interlude)
74827245-caf8-4169-87c4-00b1eccb95f8,Die Tonight
a1ffca04-6be0-4274-8996-921f6fcd9dc1,Sink Into the Sand
a298660f-62c4-45b7-8acf-abbd7259bf7e,Ask Me Anything
3f6af467-632d-4bbc-b583-874d4b057a6e,Locked Inside My Body
4e815e20-446d-4d4b-8e94-339bb863d0c1,Late Night Melody
8853584e-6be0-4efd-bb79-cdc18c8132ae,Can't Go On
c8142644-a0e8-4a7f-bbf4-0c5041f52ddd,Rock da Beat (Supastar) (radio edit)
650be255-28a9-4b1a-bcfa-a6613c778e7b,Personal Curbs
210d9689-f0cc-4537-a9b5-522ecc3cb2f2,Pass the Way
73607d76-89c4-48d9-b58c-10f5dec4d7c9,Disco Fever
6b0e0b22-2d8c-4325-ad93-7c82b7ea1107,T-Break
97e6f1e3-7caf-4ba2-863e-109eee551d05,Hydraulix 9
c0983c4a-7d9f-492d-bd2c-e0d0887ccdc2,Demonik
5b6fea9b-6f27-4c93-b2e0-d8c46b0925f6,Your Fear
27f1ff66-dbcb-4334-adee-a6095081b6f1,Africaine
f3af8807-b179-4750-94b8-e07284241d7d,Joy Don't Stop
21009308-22b5-402d-a695-e7fa3c64dd86,Disrespect
7ace2a53-cb41-409b-a11a-a53bbb8f7e77,T99 Anathasia
f8b7f256-5493-424d-9226-f5ebd5c0d962,Power Trip
dca444a5-665b-408d-8891-a0e689925607,Won't Stop Rocking
91a52ed3-f27e-4c7e-8a02-b07c84516f61,User
dc6804e1-19f5-4e1e-a2d9-c7f0bea07b35,Funky Groove
c39b4495-4ede-499c-b668-9c89affff2d1,Thunder
60a82e15-c8fd-40bb-9c5b-4ecb9a04c46d,I a de grilhets
f6dfd1c9-ef71-4e5c-9b69-688af9871941,L'ombra anciana
aa02f333-a626-4af4-9457-64df2edc686f,Auba
746881dc-9f76-454a-a908-3f0c4c797bf0,Galina blanca e marrit can
6552d242-f8f4-4955-af38-c6405ab04d3f,De matin ai pissat
ddf7e709-af18-4f1d-81dc-fbbec8c716b1,Be'm platz lo gais temps de Pascor
865acdb5-0eef-4cc9-96eb-9e08422f6421,Mi vilatges adorats
de069f54-8989-45d4-99af-92968e74c864,Souto la memori dis oulivié
bc43ff85-289d-4ce6-ac82-b64fabd10542,I'a de jour
9993786b-cd59-47ea-8049-6e317fc5acf3,Balada per Lili Fong
239ca809-47af-47d2-8044-d9a4870c1ea3,Siàu vengut de força luènch
386a9b21-157d-4d28-9348-35ac5645eb58,Ges d'autri desirs que de tu
69e611aa-ff7b-431a-a2a6-41253d4a17f4,Siès revengudo
e88f64f2-28da-4b0b-832e-ab8af7317638,As resoun de te baia
b59ca97d-cce0-4fea-b1cb-ac1f548385ac,Femo de touti li coulour
ca507d99-a799-4e9c-b316-85a5d26babc4,L'iscla serena
bfee0759-b49c-4eca-a009-fc0fbef3b1ae,Aucèu de malavista
13444a0a-8c81-4db8-9c11-7202d5b84bb1,Superbo Ourenoco
652ad3b3-6cf0-4f5c-8d1c-118ecc0a9780,Balado de l'ome qu'a travessa lou mounde
aa09593a-d176-4b54-879b-8bb9ae5b2eb9,Balada de la Desirada de la Tèrra
48b805fa-0e92-45df-b6a1-d6e4096040a0,Balado de lou que fai mouri lou mounde à la primo
9f9e556d-a797-474d-97c5-7b8c44e6c416,A una Bosniaca
d1c4f9fc-a549-465f-817f-3fd1cd4bceac,T'ai amada
a16bfdc6-f4c7-4866-947f-791c5c92f1f3,Odo à la Femo
9a86069d-52fe-4d6f-a605-176a0dba008a,Formentera
14c76123-0eea-4d6c-a570-7ddffa2e8e68,Estànci sens enebi
c7cb49c7-a10a-45cd-9a07-f39c1efe8cf8,Argierio roujo
dbbc705a-52fb-4c3a-8695-717e640ad202,Entre vergo de la lus e fango de l'oumbro
000de85e-2297-460e-b896-576ccca937c9,Opener
9bed198c-abb8-4d45-98af-fdb91b376bcf,Wayside
8750e2e8-2eed-4a60-bc11-ce204091bb3d,Seventeen
ff318965-b2ad-4ec7-93bd-ee8c8b7617c6,Between Her Mouth and the Sky
0976a2e5-e763-465d-8668-d478387bc663,Complex Insensitive
1ed5cac2-8a31-4e73-999a-44cba14841bf,December
bbf9fdc7-34de-4d72-b8bd-466137004c17,Virus of the Years Ending
b7223a25-de0d-4604-b9cc-580043412a42,Ocean Nymph
676a4505-b8ae-4ad6-8cb1-e32b98815815,Atlas' Burden
a8d4a925-11fd-4f03-8541-32a598274ffe,Lament
dea351ae-457e-434d-aecd-be49a8b6cb35,Ödet ser alla våra sorger
1edf16c2-48ae-41bb-ba48-8b615fb51846,The Faceless Mask
76f02348-6e42-45d0-a97e-6c16a469b1ad,Aokigahara
6960fe38-39ef-47ea-be65-3b6365fb7355,Aw(e)akening
8aef1d96-7e47-4da0-9a32-7a4ed99c24a9,Blackened Tears/I Breathe Evil
4808852f-ae99-456e-ad62-32b1acf687ff,"Rex Nemorensis (Part I: Rex Nemorensis, Part II: To Embrace the End)"
5e4daacf-cb59-483d-a7f3-3d4bd2cabfb7,Sulfur Child
b8721e26-cbf7-425e-a329-7f491b208c0e,Vem Kan Segla Förutan Vind?
874e6f5f-d15c-4d51-b478-5a14a0e9262d,Right to Die
8005e905-34c7-4b37-986b-e0fd71b97292,End Result
588165f1-68b0-44c3-a105-fdc9661f6b36,Maybe I
f6dd4c61-6ad4-442f-9118-c4fcd18bf466,Slow Down
8d725bc3-f567-43c3-bd47-227686335555,Offbeat Boogie
5376f84e-bf17-4e71-896d-71109dd94377,Bang Bang
a835b387-6303-4b09-9651-5393496acf33,Suntan Tattoo
0e1106aa-dff7-44cc-8d8e-68325bf16849,Feel Like Rockin'
a58f86ef-4407-4405-a16b-aea97cddc673,Long Black Shiny Car
5a80ffa5-c877-4a67-b8c6-6168f5c71c47,Hole in My Pocket
8a6093cd-082b-4392-acf9-71572d29c4cf,Gene & Eddie
6cd0c704-59e8-443b-beaf-f75c89bd898c,Got a Lot of Rhythm in My Soul
b4d030dc-262c-4111-8a4a-1b46f8872f1d,Jitterbop Baby
340a2aa6-2248-4f62-92b5-eeb88962a96e,Rockabilly Guy
64993181-7e0f-4cd5-9c2a-f45ca26b464a,Crazy Rockin' Redheaded Girl
7cd412e2-a6cc-4dc6-92c9-fe791f61dbd9,Wasting Time With You
e850705e-df11-4901-bfdb-3e0d5b688052,Inca Roads
154542e3-7e28-4233-912c-8bb43f6ff93b,Cosmik Debris
e644f84f-8a59-4254-9e79-169c15a1e894,King Kong
0573fd65-0878-4ed6-96cc-a4c4a4ec58bd,Little House I Used to Live In
c22e9c07-eb3a-44ff-bd9d-2efa1b7eb3b7,Broken Hearts Are for Assholes
07153c17-66ce-4c49-8e88-610aee8b9cae,The Idiot Bastard Son
8971a8bd-ee81-49f0-ba8e-8f387ac1153f,Zombie Woof
5c794b75-d9b7-4341-83e1-b161fc364dfa,Easy Meat
50ac6ee3-675f-417e-b94c-0c208c8c3377,Filthy Habits
78d3be40-37b3-4ca1-a425-56a8401de861,The Evil Prince
6427b7f6-5d35-4720-8e5a-724c3fc6df85,Flakes
b79c6abd-877c-442e-92ca-eb5bd7a031cb,Latex Solar Beef
c502df86-8ad4-410a-9766-c56b406150eb,Dirty Love
9d2b3c72-26d2-4b0b-bad9-558c72e46cdd,Fembot in a Wet T-Shirt
f602da04-97ca-4497-8666-3af1405dbad0,Why Does It Hurt When I Pee
f51173f6-01a1-4e58-b07e-beaa51fe1450,Apostrophe'
9ccf6c98-b70b-4d68-bb32-4f3889166251,Biznis as Usual
2040aed7-0207-47fe-871a-498376a70920,Sofa #2
c31325b7-c91d-4cc3-84b6-943557fb4279,Andy
acbe3383-8f31-4e81-a670-6b3efec78790,Cruising for Burgers
793fff59-1946-4f43-ac78-cb2fd2deaec9,Uncle Remus
ee6df21e-b2d2-4ae7-a953-b2c6ebadc5f4,I Have Been in You
06b2145f-b331-44af-942a-27700575f6f2,Willie the Pimp
a5a1f502-6088-466e-b54e-77b57c6871fc,[Introduction]
e0549658-ee2e-4f74-b628-2fd6ca6ab59b,Titties and Beer
5fd2e221-60ff-4732-a1b9-f428026ebcc6,A Token of My Extreme
43cc1cbe-5457-467d-8a36-3970ae5e91ef,Village of the Sun / Echidna's Arf (Of You)
d47acbed-2fa9-4562-bde8-b008225a2e8a,Don't You Ever Wash That Thing? / Third Stone From the Sun / Purple Haze / Don't You Ever Wash That Thing? (concluded)
1d2ac174-20dc-49a1-858f-02fd4f8c699b,More Trouble Every Day
5d86a8e8-6b2f-44c7-b3e2-55bb8cf58ce9,The Mud Shark
c620d814-a5a0-4b85-9038-6f7e02446704,The Mammy Anthem
727bea97-a8a2-4315-899b-6a890700f8dc,Montana
0c59ad78-0f1a-4d28-ba04-a721cc48e826,City of Tiny Lights
4c498dd9-7243-4683-ad49-3d49487a2a5d,Jones Crusher
31f50c86-191a-4372-b1bc-2488b42cfa32,In the World
6d4d8eb8-60bf-44a5-8ea6-85a4b2ecfde5,Cuddlebun
07061f7c-5861-40f6-90b0-f66590234984,Nnamalapocalypse
dc6b1ebe-4de9-4b89-aff6-8aa07ca14b7b,Shredder
82d20fa6-64f2-4256-8459-8e393f1befb2,Imagipsychout
dd3d7d48-e4ba-4e1c-899d-a5b03dc644b5,Good Vibes
b375c630-a229-498e-8cbf-46466b4dc7f3,Electrix Is for Kids
34ddface-5746-4346-b359-69e116a10896,2000 Fun
1a84a204-6ada-41fd-b5ab-f4cd98bcf940,Beat Bachs
b336abf3-8da1-4aa8-a3f7-68480b59e6e3,Blues Clues
89b807e4-522c-4d0f-a383-71a4280caac5,Mix Masters of Sabin Elementary
99230c38-eb78-497d-83bc-45d18331daa2,Baby Boppa Boo...
13a00cfd-fde7-4d97-996f-6fdde1ed9cbc,Fun Rules
ee2837ee-4f64-41b5-93d6-10e40575eacc,Fresh Beet Band
73c5a292-e062-4ff1-a72d-898749e6cd2c,Bleeding Boy
978e4483-2cca-4b51-93c8-fd9b17863582,Don't Think the Sun
a2a357c5-dc04-428d-bc25-fd6e64666d65,Chinese
7ddccc14-275e-46ee-94a8-e59b1501adc9,Anna
ba65ec19-7d6e-4255-86ae-50440faabda0,Vanishing
34568725-dde2-4a59-9f2e-51b7df5f7b56,Almost Again
217a7d3f-5ef9-4444-984e-ccbb15f4eca8,Gone to Heaven
1389a81f-ca0d-4b94-86fd-60d8b66eac61,Feelings Mean Nothing
04e4e537-b77c-4c66-a714-6d79d5a087e0,American
4775fe5d-21da-4d09-845a-f19251cac8a0,Forget
c942eee5-796e-4d14-b50e-9088ab3e6e4d,Candy (Let Me In)
f52a5868-17f5-4d1c-aa83-4986c018919b,Hurts to Laugh
88981c24-37e2-4148-b7ee-6429364aa5a8,Intro
3857e3c5-2f4b-4215-b0bf-4d876dad650f,The French Letter
f1684f6d-55ba-4993-bbed-fa9b7823771f,When Radio Came
17840df8-1c6c-40e1-a1a5-24c8101d7d0a,Jazz is for Russians
d3c93104-f325-4958-bc5c-8d8e3eb59b56,T.L.T.
0c088cfa-bcdf-48cc-8e82-e9c82f44fdf3,"Here, Bass"
1b48def8-e07f-4b68-ac0c-0ec9753f7d97,Jerry Jones
5f4dc99f-db7e-40ed-aff8-37fb783796a6,False Porno Alarm
ab5693f6-f4ad-4e6d-af91-80226db15921,Club Med
4b492184-f271-4620-8629-5284934872e7,Touch O Klass
1170bcd4-27bc-4291-921e-8de925791366,God's Plan
9447cb8d-d92f-4638-b6f4-77079f019d35,Yup
db2a39e1-30de-42e6-86b8-e25a62045d2f,Welcome Brap Carter
8587b4a0-1f83-4bf1-9399-eb2d2666d7ae,Fallen Down
a4aff1d2-ad22-4e50-9f85-b9151e533648,Energy Addict
a0aa08e0-af49-4b41-9a85-2417a11bb10f,Wicked Wild
26c54eab-c619-4de2-bbf0-21ce8fad7a3d,Be That
057dcf7a-cc9d-416a-b7fb-1a833da79e02,Instant Replay (Dirt Monkey remix)
459a8588-fb05-41ed-834a-70f91eef6048,Instant Replay (DANK (USA) remix)
d4aca94b-7dce-455f-b1eb-1c2520dc074a,Bass Monster (original mix)
0794cf9c-95d6-46d9-99dc-b7e7b5ab8a9d,Instant Replay (original mix)
e4edd3a0-651b-4317-8ea7-bfb8b2aa0b5c,S-I-M-P-L-O-T
97fe0314-5546-4fe7-8b8e-34c62f1c3008,Factory Farm
b779b3d9-abcb-4ba9-a3f8-da21d1df11e3,Family Tree
8ac99689-e5b5-4dab-b240-134c345246b9,My Head and Feet Are Swollen
5bb0f48b-514b-4117-83f9-95419285ca78,All That Has Passed Through These Little Hands
67ac7935-d2f1-4e1a-b6a2-94f30751b4b8,Change Your Mind
e3b5c606-660d-4012-b40c-ef8e7d190618,Refrain's the Same
ef566abf-7f5c-465c-a84f-fbd9098b1a75,Beyond My Wildest Dreams
8f5b8468-95bd-46a3-b16d-636ddae844cb,Nahant
7dae5132-2073-4d46-8cbf-8b133a45f4d3,Layout of the Apartment
cf984fe1-d4ef-4da6-9534-e170f9994a60,Brief Love Is True Love
7af5a0ee-b042-4b91-922f-de06307d3935,Outrun Your Demons
3a470dad-086f-4a82-926c-ad0bc7d83f37,Swarm of Bees
d9a96cbf-d196-42e6-9f1d-9bbc8e42a189,If You're Going Through Hell Keep Going
866c9784-c2d6-4146-a588-5a57eca2a97e,Barrels of Oil
6ec7fcd6-7b91-455a-9b8f-34208df0aa14,"Blow It, Mister"
1723aa15-2987-4a38-8357-1a10b4213095,Open Door
fcd9bf7e-6bf2-4562-8e79-d2f2386339ab,Lazarus
2867da6c-25cf-4db6-aac4-d9df10eedb30,Down in the Mud
a3d488db-5617-4cd5-9381-c9c2901e3380,Little Piece of Grace
2616d088-1438-43cc-a576-17c27f862b05,Such A Long Time
6d84b02e-8051-4594-bc5c-d9c4e951b4c7,Hospital Waiting Room Blues
2c0861b2-538d-4ff2-83eb-a0721dde7d1a,All Hang Down (parts 1 & 2)
be1dc17c-c44c-4f75-8d24-72bfd2e3973b,The American Landscape
c79371d9-6500-413e-b141-e3a49a091d9b,Quit While You're Ahead
0b3a385c-c9b7-4663-91fe-f15e8207476d,Lord Don't Look at Me
d15a8c27-3a4b-4774-aece-6af756d15b21,Mystery Without the Murder
0b48eefd-cac5-41aa-9d22-540710819e95,I'll Be Gone
283d72be-42d4-4dd7-92f7-c2a199b6bbbe,If I Let It (Go By)
c5d1770c-6ec6-44e9-82aa-c783a40a212f,Map of Oblivion
e521b7a6-6d5f-48a4-8b7b-845592d2dc08,Tender Mercies
9c404f5a-7815-4a8c-93c8-cabfca60095d,Never Binding
a137d3a5-2992-420f-8c1a-55e8ebb2f09e,Cheap Two-faced Star
90109810-d5f8-4a5f-bc25-62350f8b8469,One-legged Waltz
ee01aaa1-01a3-4d28-8a78-a7789489b6cb,A Long Way Down
c5068112-515d-45ab-ba10-fb6b8ea203d7,Heat of the Desert
e4cb7ac5-6c4d-407c-9df2-6add6a3efc07,Teeth Like Yours
6c23e0a1-87b2-4b86-9b26-530bcfad1bd4,I Can't Help Lovin' You
2637edd2-a6f6-4a26-8970-a2dc994c029d,Homage to Drink
e836ac11-7b62-421a-935d-72fef7a85da1,How It Was
57b553e9-22d1-48ef-a5f1-69365e17af8d,(Yes I Am a) Drunken Whore
406d1854-1e16-40d0-b0c9-bbcf91317572,Oh Mother Please Forgive Me
926203f6-3e0c-4364-9052-362bc6240426,Coda
3c1bb831-8c5e-43a8-b4ca-2817c72bbe60,Accidental Nostalgia
dbd57da5-bb7f-4eab-a054-c0fa8e84c806,Cover Me With Your Darkness
5f75648d-675f-4a74-9e05-ddb556c1e3c5,Sweet Pretty Lies
a8102794-b214-4935-9173-4994410f5c3a,Peel Away the Layers
2b81073e-2fc3-4ff8-bae2-320182d21a75,Nothing But the Passing of Time
8d3bca43-7038-4540-8ce1-b63e29eec4a7,Once in the Mountains
9ca87abd-a3ec-4078-9166-7efe8560cc4d,Horses to the Mountains
5302ee22-70ee-4261-9eb9-a52c93a014f9,Come On
873cc292-de3e-4402-acc4-26dadd0e506b,Love Is the Answer
00e9714f-a040-4131-8cc3-9a3501639276,Birdsong for the Birds
7c07420b-c55c-4a00-a263-bcb0f8dbf10f,The Teaches of Leeches
cc8f5c6f-c242-4357-9709-46ba8075875b,All the Pretty Crosses
918dee83-1c28-4a23-986c-b1ff501b3369,Pants! (I Wear Them)
944474d1-a10a-41ad-b7b6-592162d09ddf,Lullagoodbye
4a73044e-08a3-43b9-9679-45b142fd08a1,Weed the Garden
7fff842d-9def-4d68-9638-8634976b7619,Dust to Dust
f8423692-2ccb-4df8-a896-768fc73b1cb9,(I Work on My) Daddy's Farm
7ae036cf-b7f7-49ed-9695-724fd850749a,It Is Not a Question
a43ab07b-8748-487f-a551-318f7c09f473,Country Boy (Lie with Me One More Time)
c0907dc6-94a1-41d3-a16a-4ba99d1a2c2e,Little Black Train
01c5054b-b3f9-48bc-b61d-41257581e9df,It's So Hard to Say Goodbye
3083d2a8-8948-4b91-bef0-2fda0f623490,Nothing but a Lack
b55cf370-15e7-4cec-993e-60f14282229b,Do You Remember?
f4540f01-9e34-4c6f-9afe-ab9ddafff4f7,Let the Love
94363e27-792a-4825-9df9-92e9b8d5737b,Don't Believe a Word
6a441159-15d3-481e-87eb-c8a24d07797e,Take My Soul (radio edit)
dc9089d3-0a48-47e3-99fe-72408b6beb3a,The Light Within
1527ff81-93a7-4080-b8cd-bee977bb43cb,Knowledge
54580a98-d050-411c-9e55-1ce3d9b9cac6,Breath of Life
e29f2836-34d6-4398-8c43-403438b6c2d9,Peace
119b7f05-e014-427d-9e6f-475495ef9027,In the Light
35a5414b-e341-4616-843e-e7f02ee73eef,Spiritual Feeling
d6b69c99-89e3-4c88-8075-e87d35ae6422,Sheer Delight
297d3a09-391c-4c70-8c2d-7a3c4cf90f27,Mystical
306a93af-4e8d-416b-81f4-6ed85e967823,First Dawn
f3dd4e6b-6e8e-4554-9164-49f9e1e27d49,White Clouds
76adf65c-ebef-4bcf-9ad5-c9742c66e6ff,Reposeful
55335f78-c85c-4a9e-b813-96e1b148d619,Comfort Zone
e51bb468-b3e9-44e3-85ef-701b48a44036,Keep Faith
ff6df24e-eecf-496f-ac0b-f8685dc767af,Majestic View
70bcfea4-d27c-4384-a0b2-a133470d9a23,Tranquility
f4e0418e-ee96-4dbc-8e56-e527fcbd875e,Divine Light
f9ceb8b8-ca3e-4da2-b4a1-605ed908ee80,The Dawn
85577c08-7908-47e7-98d9-ba1cbd2ee6a3,New Day
b975d7d9-c88f-4c05-a472-bff8fb5c76a3,The Sunset
4f490c1a-02f2-49fd-ace6-0e15ef2c42a1,Reflections
aa36a542-a80f-4948-96a7-a2c525661c38,Shine
93e18a46-8f35-41a4-bd5f-f4a3ac55cd45,Moon Dance
3d6eebc9-3a7b-48af-9187-0cb955cbc1f3,The Dawning
1642da47-39d0-4799-8391-fd5ef250951d,Shimmering Light
5556f494-a950-4cc7-82b4-0deee4054ce6,Black & Crooked
2ce837e2-48ba-4a56-ab56-990f6fce50ab,You
f97c22da-0953-4fce-a316-f6fafaa52e70,Headspace
7eb76be0-dd90-4cc7-9a82-d6735446a677,The Wait Is Over
6ce72636-a6fd-440c-ba3c-ecc1add41f97,Walls
c206a6b9-9215-4a51-9834-87fda0dfe28b,White
1e33a8c7-0e20-4dae-ab5c-d358e863dc1d,There's This There's That
ac937e6d-d86e-4251-89c6-7b96582b7d81,Trickle Down
475d8b8f-cca4-4d6a-a383-90545119782c,Progress As Promised
ba71c627-ca45-4f88-9237-6f7d888d7e1f,Tarpaulin
13f81538-1d64-43a6-8319-af8118de8f96,Sixes & Sevens
43527283-7741-461e-b19f-a927f1bd7916,Dysphoria
c3575632-c172-4f34-99fb-be380356a006,Yesmen & Bumsuckers
bf304fe0-94a4-42a1-8678-5ecde4fc0492,In the Doldrums
52904898-c19c-499d-96c2-4bf1e630c6a7,Spun Out
56a28ac7-cf28-4086-9bcf-a5e7ed76d3f4,War Clouds
bf8acd53-634b-43ed-a984-68601b537771,Strange Overtones
f1b25255-e549-4b5a-8b7e-3d52a223cff9,Yes Men and Bum Suckers
3d4fdd15-02ba-4351-bd83-1e060886fc72,Stroke By Stroke
1522d925-28b4-405c-8e40-cce793f13467,Chambray
00fead6b-2ab4-4cee-bd0f-361891cf2904,Heartbeat Dub (feat. DubTV)
4d9fdf30-19ce-44fa-84d3-4c7f7080f3ff,I Just Call to Say I Love You
b4836e93-9237-4466-a916-94e9bff9d36f,Baby You Can Break My Hart
130076d3-ce1f-42de-a0ef-22d078813576,No Smoke Without Fire
6cc28aba-9500-4be9-b6b4-f5aef557e7cc,Rastasimphony
2bb8bb72-6254-4413-bc0d-1fdf91946ab4,All I Wanna Du
18d79053-f61c-4330-9171-9d689cdd1899,Meditation
92b6dbd4-6677-4730-92e3-86400543fe5a,ใครว่าเธอไม่สวย
cd8a8f10-3c21-433b-a885-ca0a5fa3205e,ไปด้วยกัน
7771ca9c-a5f3-4ceb-b5c5-42fc8384b572,เหงา
01308635-487e-4f3b-a990-36b9863b520b,แค่รู้ว่ารักเธอ
4aaf07e5-4a9f-48dc-8417-b99c630b8f56,เธอสาวย
0eb6fa18-40b3-409a-ad84-a4af69d7a7e6,พูดไม่ออก
7fcd253c-1b66-4fed-b2ab-88da9a8ca371,ไม่เคยถาม
5acdaf16-9f43-4ea9-9e46-274d38b2b7c0,คิ'ถึง
4bced8e4-cde1-4e10-a51e-dfa9f2021485,เธอสวย
35f65813-a46b-49ea-a871-117e1270d4de,ส่วนเกิน
99602184-ba8e-49c7-85df-9e7a8abefa89,ฉันมีค่าแค่ไหน
401f7daa-59a3-406e-b8eb-7d6b10ecf36f,คำว่าเรา
0b37f237-9d55-410b-826b-66c30146c690,Love Story
850bc9f5-8885-445c-8ce8-ad0276e9b8a5,นาทีนี้
1f362d71-ef6a-41a2-812c-ef65ddce96e9,สุดท้าย
6bd26c06-8808-4558-acdc-7c17d8633c14,ห่วงใย
013ad082-1552-4104-9f46-1297a109a172,ช่างไม่รู้เลย
d7832367-b6da-4dae-99d8-9aef1052040a,ฉันมีค่าแค่ไหน
2d1256c1-1ce3-4b2e-8df3-4845baadd00e,อย่าคิ'เลย
8eb56ddb-7187-494e-a6ad-c4c16277ab2f,จนกว่าฟ้าจะมีเวลา
5e12be28-bf08-49c2-afb7-be648cd9fb59,ส่วนเกิน
9e9f8336-c880-438a-8571-c3e159710533,ฝากจันทร์
d45747dd-2992-4ee4-a087-3615de35b5e6,ลมพั'
a6a13480-47b2-4e40-aaca-6fe6054828e7,เ'็นของเธอ
78ae4fbd-12a0-4d9e-a7d5-475d3937bdb4,เสี่ยง
9db242c7-52ae-47c7-9676-5abc44fad423,ผิดที่ฉัน
762d2e98-33e0-4a72-bcc6-7bc857acb875,เรื่องบนเตียง
ad742346-8897-49e9-a50b-308b83911dbc,เรื่องบนเตียง
9ecc8538-dcf5-46ae-8ab1-7f0ed9a975d1,Insanity Is Gone
6e4be0e1-914e-4db9-812b-4a8c6630a195,One More Night
e9706841-c113-4ada-83a8-aebf1f1b0d38,Spawn
ae6a153d-4883-4d26-ac7c-680e89df3d7e,All That I Wanted
26aa30f9-0039-4b59-b8fd-72b682b5df57,Circles
9aaa1ab4-c7f1-4c36-bb0c-6fb10926f781,Intensive Claire
c2083069-0c93-446d-86c0-f275828c118b,Everything Sucks Except for Me (Dead Dead Man)
801bd808-d19b-4e6b-aea9-6d83c57d26b1,You Are Good
1e467061-37b0-47a1-97b1-fd7fed4409eb,Ukranian Shores
e4673110-4173-481e-97ab-3cacbcd69a15,Sticky-Clingy
168c1e73-d3af-4294-a7e7-ef5be41d7db2,Hold My Hand
e74cefd5-bab4-49fd-9c95-f8eae01abba9,"Boy, You'll Be a Monsoon"
2abb2a77-5e90-41b3-aea9-33ae67056457,Minogue Patrol
4e4aeb8a-99e0-47bd-8e9a-b97089fe8476,Eatyou!
7a29a072-f748-4691-a89a-2759586243df,Deep Asian Asia
3c39f3a4-55aa-4549-adad-706c8b3caa3b,I Can Pass My Examinations
dce571f5-31cd-4d2f-a080-54f8eb9889d5,Small Smaller Smallest
c582566b-a2a3-485f-9990-cb4597e8c71b,Spit on a Stranger
7b3bdf9e-4c32-4e36-bd33-e698a38bd1e6,Getting Heartbroken Is Way Cool
ee2244dc-42c4-4041-b1dd-4a69f9a3dc63,Ruff Lovin' in a Tuff Neighbourhood
801d6dec-2af9-44dd-8c94-4b2c85accc87,I Like It When You Bite My Body
c2398df2-113d-46dc-9fef-a8887ed09ecf,Go Hard or Go Home (I Wanna Tweak Yr Moog)
148500c3-cf87-4962-b62d-4a94c9664d7a,American Cosine Graph
42b44658-aa7e-4c73-ae6a-10fd1519bf3e,I Hate the Ocean (And Also Geography)
c9355298-2c45-40fb-b197-513f996f9980,24 Carat Gold Love Song
4d0b2ebc-4847-46d9-9c01-36684cf3c47d,Andrew From Chicago Is Ghetto Booty
86b5c6d7-e03b-4d51-bb3f-eb5c7bcfd7ba,I've Had a Hard Day at the Office
8c4b3479-64c2-491c-9e2d-c00a9e89aca1,I Was in a Car Crash
5bee3979-0348-4fc9-8d8e-9b4e4b51c87a,Perestroika Love
741a4668-3e3d-4bb2-ad91-20d75bb547cf,Freaky Teen Fashion - Time for a Makeover!
452c80d0-9878-466b-94c9-91bf23aabaa8,"You Name It, I'll Eat It (Bring the Hate Like an 808)"
03b5f541-2cf8-4f53-8db6-64adabc6959b,I'd Like to Think I Made an Impression on You
64334be0-3a14-49bf-9605-2fad23fdf67a,Never Let the Bad Team Tell You What Yr Living For
39a8937e-a2db-4e20-a264-36bcf2e9991a,Ugly People Will Never Get Famous
b80886a2-7e47-43f2-9579-412b8ab6420f,Watch as I Perform My Own Tracheotomy
ed248009-a739-403a-942b-fb48995702e2,Let's Cut Class and Kiss in the Carpark
2ba548ea-4e82-4069-8180-9c02897a1872,OMG I <3 Livejournal (And My Livejournal <3s Me)
074c133b-479f-4023-95bc-e6e010d7352e,Ice Police (Ice Cream Headache remix)
254353e3-3e35-456f-94bc-51f7ff474c27,Vomiting Is Romantic
73c083ac-3db7-4afc-9706-2384272dc48d,I Love 1996
bdf635a3-e5b4-4601-9de6-cf2ceb640047,Are You Hungry?
5a3e6a3f-1d99-4e5c-8ddb-10c8f4dc6948,You Mean So Much More to Me Than Palo Alto
083c8613-5408-4adc-8aee-97fa851006d5,It Is Cold
d31919d3-de7a-4a7a-9ad5-71525d3647d7,Checkylist (I'm Not Catholic)
69ea7fdf-bc86-4a01-b77d-a48264c4cc6d,Icon Song
979a47e2-c90f-4776-9c31-ce18195f1958,I Wanna Be Yr Sex Boy
e833ebb2-85ba-4b45-94d1-28e5aa14cbb2,Smart Wars
c9127a8a-b8ee-4069-a7d8-447e48c4fa80,Hey Hotstuff (Oral Sex Pop Song)
b6bf1139-3783-41b3-921c-60965ec36a49,I Love My Life So Much Right Now
50164aea-9bd2-4562-ba53-4637c2a4d575,Lactose-Intolerant
04812441-acf3-4f2e-96c8-45a815052d79,Metaphorical Mouse Heaven
f7a5369a-fa91-49e9-8953-a9a7c49f35cd,Team Sports
28aa3c1e-e220-4577-b3bd-c66f63444173,I'm Not a Tortured Poet (I'm Too Fucking Predictable)
e8226eeb-3992-4bdf-87b0-d4db03d30846,Chiming the Descant Like I'm Thirteen Again
7b60139f-10e4-4d22-a392-7ffac6e21967,"Following the Latest Trends Is, Like, So Passé"
2a85d796-982e-401c-8475-ead329b73269,We Make a Beeline to the Auditorium
6b808f33-480e-4613-9e7a-f7b55cb6e0e3,Catclaws
dbda1266-1051-4353-8a24-e9dfeb813bef,Monochrome Ravers With Coffee and Calculators
04be0e54-15d0-47af-ba59-05499940acb6,I've Got a Cock
50c87aed-80d4-4020-bf05-61fb0723b197,Grace Darling
3f8a870f-52e7-4da5-80ed-1418eb962eb6,You're a Very Curious Creature
752e7d56-86aa-4be6-aa4e-21ff0174bf63,You're Too Pretty to Be Working in a Burger Joint
57c4baa0-4295-43d7-a19c-90219db785d3,To Be a Monk
1bcd48f4-70c8-4e63-af71-84c597193424,Three Cheers for That Fucking Dickhead Adrian
84aa0e05-26be-4afb-8530-f7d67fdf6e91,I Know a Girl Who Spots Foxes
3ba9fcd8-16c5-4bf9-b730-b4157b3a09c3,You Move Around and Yr Alive (I've Got a Crush on You)
210ad39c-ced4-4166-ac44-1b8102c279ae,"Mermaid Beach, QLD"
00eb2dda-75c6-4f68-80db-3a27e3afd8c8,The Swallows
0d806802-fb7c-495c-b25d-fe33be4f1fa6,The Rabbit Stole the Pumpkin
13e8cbda-ffd6-4622-882a-d268c9a329dc,Upstairs
5eb792d7-e531-4dc0-bf9b-990c8c412284,La Fille du Geolier (The Jailer's Daughter)
495a5259-efc3-4757-85c8-4004bfe188e7,Le Soldat Fatigue (The Tired Soldier)
cf3319d4-0ea9-4ec5-8ba1-ec22da1b27c7,La Delaisser (The Abandonment)
f7b7b05e-f6df-44ec-ac66-b57a2911eff2,Miserable
e89b055b-bf83-4ca5-80df-419a23518acb,Valse de Gueydan
b0eb4a5b-cc06-414e-bc77-93d35cea1daf,Cousinne Lilly
45a3a482-5f8e-46b8-8f38-fd732b65c190,Le Pond de Nante (The North Bridge)
73260c94-89c9-4745-9df0-bced8524c2b6,Carmen Fantasy I
732fca49-4c3b-4fbc-87b3-a78e1a771f8a,Zigeunerweisen
7fd8c523-bfd7-4a12-a3a7-cc2fb5563521,Bird-call In The Mountain
ca4c95d7-8822-4ba9-9c74-55bee0249399,Reflection Of The Moon On Lake Erquan
2dad913f-0e8f-4b45-bc96-f3b730b5dd60,Song of Sadness
d716d759-6637-4a3f-aa8c-7e1720b83f2a,Song Of A Traveller
b9cbe2f1-c75f-441d-9f39-bce572d11b27,The Battle-Horses Galloping
d7dcff62-a78d-48f5-bd19-0ac646f57e62,My Brother is Back
7eb526bb-fc32-460d-9ff0-19a81dd4da58,Four Ancient Scores From Dunhuang (1st - 4th Movement)
d6722e47-4be8-499f-aa74-b911dcbf0edf,Meditation
10fe78b5-3fd6-46bc-b4f7-44248c30a291,Birds In A Foreign Land
2e4b38e9-41fb-444a-ae1b-e357489aba19,After The Rain
1cd52e83-0ccf-452e-84dc-072066bd3ef0,Erhu Capriccio
82340f7b-ceba-43c2-ba15-373ded471747,Magnificent Journey
e9b18774-d699-4f4b-9b73-cabd33cc4304,Brass Frontier
60bb58c2-cc65-4187-9a3d-855360cef5bd,Light & Lively
8212a866-8700-45af-9d9e-51a5d31b521c,Night Lights
e4534472-3ae1-452b-98a4-766c33de3a21,Hyper Brass
943d4742-ba89-41e8-8686-3ea9fbe42a8a,Dreadful Dream
b1f9745b-5141-4af6-91e9-13ccccbcddd2,Synthetic Rendez-Vous
13631bee-1e10-47bf-98cb-ebc90f6a9355,Electronic Parade
c531f1de-9d5c-4204-a2ce-a99a79484822,Delightful Waters
ad068138-f34a-4793-bdf9-42461206150c,Prime Time Bolero
1a083c1e-ded3-469a-886f-566ef151695c,Night Patrol
90602ae1-f2ea-4a85-b12f-31d6c9b0bb59,No One Left
ff51f6c4-c0df-4fdf-a8d7-daa457ff5b54,CAUSIN' A COMMOTION
aeb1dd0e-36d4-4c96-aac7-fa7a5c5598e4,I WILL COME
27437ac8-565d-4081-982a-f259cdf7eada,I'VE GOT THAT FEELIN'
a2df3e23-37be-42c5-917d-8a94ba2b5f27,EVERY WORD YOU SAY
5d50a724-9abb-4fc5-879c-e4b885bc969c,HOW AM I SUPPOSED TO BREATHE
f61a2308-d0c2-405e-b0eb-1f5704b1194e,PEACE
440f2546-f46d-4112-bfcf-0c39ad12a814,THE FLOW
4c7e254a-4a57-4fb3-bbf5-e50f0ef348c5,Here to Stay
48e7db28-a5df-4516-9756-93c6e6c41b75,In the Pocket
325118a0-1573-4cd8-9e1a-a27ce9ddb186,Perhaps
be44636c-2b1c-49dd-8008-f3f4a0c6ff33,Everybody
becf2624-cbe8-44f0-91f7-fd26459b0866,Satisfy
5e1f3f3c-9f68-429f-8833-02ea2d550dd7,You've Got It
50c9f24b-77e4-49d5-821c-c7c0505abe07,Thank You
132d13f4-9996-4fe8-bbd0-b66a2f080c8e,HOMELAND
960b67fa-809f-4d12-9b24-10e5b07415d9,Lights are Comin On
af4c2f2e-eb3d-42dc-a3b6-8ab74ef9e294,Unlisted
83c25b14-53f6-4bf8-9ffd-5c607fa2db89,ONE BY ONE
a1ccb856-d056-4133-99bd-153f32b5359a,STOP YOU'VE ONLY GOT ONE HEART
e613883a-a21a-43ff-bfc8-b548ce89853f,AIN'T GOT LOVE
0f7b7286-8982-4cba-8174-561ccda6fb02,THIS IS WORTH FIGHTING FOR
00622148-c8d8-4de6-84c8-9d22af4a4271,CANCELLING THE NOISE
12309021-3d2f-4f65-9452-acfab153f3b3,Still the One
c9eeed04-cdcb-4248-9390-a8f32b98fdba,Harlem Clip
465d323f-a2fd-4d2f-9003-2fa8479b859b,Prestige
93a486c6-e198-4826-a2d1-a32464e6c18f,Baretter
0dc57f97-49d9-4d39-811e-1c8f669445da,Cinnamon Air
ee298b08-0f6e-4a5c-baaf-a83974a4bead,Frost Lay Upon the Earth
794902ab-e3b5-4bd1-89b3-817a18e32050,Fragment 1
82e3c130-ec3f-4ece-a7a4-9fbd31dbd5a0,Consumer
4eb679dd-0d64-42fb-b309-81ea1ed54e20,Return to Normal
a1bdb513-21db-4a9c-b012-ffac3db55dcb,Shattering Of An Illusion
642bff4e-7394-486a-9e1f-cf6f7033910f,Simple Radical Practice
7e1456aa-e247-4aca-b074-5f85294e3a2c,"Calada - Parts One, Two and Three"
9cd0851e-04c8-436c-bde5-e4934974920f,Fairly Shot of Her / A Wife of My Own
36519c2e-7b88-4ed3-9071-4ba405b838c7,Dance to Yer Daddy
40983eec-ad57-42ea-9ef7-12c6d281a9f6,The Lass Doon on the Quay
ca8b27e9-9362-4b1b-9615-e6d87a016c57,The Kielder Hunt
3d7813a3-19b4-40d4-88e0-d88921da03a1,Alston Flower Show / Jane of Biddlestone
4bbaf56d-4b19-413f-b342-c4919104877d,Fortune Turns the Wheel
8b46372e-8ce6-4eda-8a7c-ebc0aba4bae9,Fenwick of Bywell
88260157-366a-4a48-9c2c-4792eff6ebba,Elsie Marley / Hoop Her and Gird Her
cd502658-ce61-43c8-ad77-00b657858aff,Captain Bover / Here's the Tender Comin' / Success to the Fleet
52368df5-6890-4140-b874-f72092d642f1,Proudlock's Hornpipe / Hesleyside Reel
65a485df-8962-458c-972e-0e919201eea7,Stanley Market
98e4acb1-37d4-4f34-89c1-240995ba035d,The Marquis of Waterford / Bottle Bank / The Hawk
23c91ac5-7e56-4284-9e33-ebc38bc844c5,The Sandgate Girl's Lament; Elsie Marley
2858c7a2-e780-4677-b586-3add296b2180,Doon the Waggonway
ea088a46-73a9-4a29-9db0-b1581a446f51,Yer Gannin to Be a Keelman
6f540953-6d6a-43d7-b4aa-164ace8bb175,Aa'm Glad the Strike's Done
44cca18f-b253-44b6-bb4f-f9392a60d84e,King's Hall / John of Carrick
1a5ce6e6-875b-42ae-82f4-309b79a6234c,Coilsfield House / Thom's March
2b5c2ff2-1167-4738-9b21-9993b989e9e6,The Surprise
bf286128-585c-452c-9c9b-d3858dfb9567,Hexham Quadrille (Billy's Jig / Kielder Fells)
91e30843-e2e7-4b73-92a4-723ac59e8300,Shews the Way to Wallington / The Peacock
4a844f10-e8a5-4f9a-b144-58c254351f77,Face to Face
593f458c-2de8-4e31-a062-77779a22ae0e,Caravan
b32d96ce-4ba8-419a-be75-cd7a75c9e6fa,Ivry Garganja
baa2af23-9f8b-4274-9ced-04b8077ae0e1,Natacha Oro
a61780fd-1cf2-4f5b-abf1-9331dc5c1c58,Feel like Funkin'it up
4a413e1d-e4ac-4b88-bb35-2558594c9c1c,Ay Cosita
98cdfa14-f7a2-458a-80b5-4f483997e195,Gemini Rising
ee885d1c-4e60-405e-ade5-a25bf35653bd,Recado en ska
ae91e395-e1cc-4b10-8105-d4e02c4476f6,No Water Special
ba4f3475-aeea-4fd6-8010-5ec4ea228e5d,Night Boat to Cairo
b2c76c42-d5f3-4b1e-bdc6-0f0c65f01524,Wock n' Woll in We Bemol
78c0420d-afa3-4e66-850a-8997d644d054,Tolchoke
9e5b3fe9-234f-43fd-ad9a-75b1f03704b2,Misirlou
e2243f02-1150-4337-9f19-3d2fc3cce1e1,Got Into My Head & Stole My Heart
de329818-ab4c-429a-bc97-e64943c4bb91,Kinda Guy I Like
f48d7143-93a0-4082-9030-11a7a6707a6d,Will He Ever Love Me Back
71d241ca-d98e-495e-9b91-27076fb51f0c,Almost There
86b4a2c5-b236-4e00-ad0e-3b57f8bd18a0,Curious
5b39dfc7-1f18-4f68-85c3-6e52cea9dee1,So Good
5c088e41-66f0-42d9-88f9-946b4ee34f37,Platinum Girl (intro)
d6154788-3c07-4d4e-9fd6-f17de7208b12,Get It While It's Hot
44cf3b8b-0a06-4e42-97b8-185c73d30d15,Cupid in Me
44b35205-5c44-4fcd-bf2c-9d6c21752610,Thank You
f8a17de2-568d-4a21-89f1-405e7e3d77d7,That's Crazy
f254330f-cd3f-490e-91b2-c1a4b9fd33ac,Sugar Buddy
490b3e4e-e2dc-46e5-a5c2-5263cf99f69c,Miss Perfect
dded3828-d701-411f-985f-7c12412a515e,Horse Startled by Lightning
bdc53895-16a4-4031-b422-201a9b61529b,Heroine
8009db40-e325-4c1b-9856-e3cbfbd2c934,Intro
527f985f-eada-4573-8a89-93c06846ea94,Premier degré
3e2cdac2-a196-4fbd-b882-eebbb3293fd8,Outro
75457340-3dfa-48be-b208-2e6682c0c21e,Un peu mode et très chic
e6a5f44a-3d5d-4c42-8222-e09af7702a3e,La Honte
a3ca413f-a3f5-4f1a-8dbe-57830e05df90,La vie ça fait mal au Q
b327d669-f0f3-47e4-8cc4-37011638465b,Les Deux Bras
b58e2b0a-9896-4d13-82b4-56869d6d061f,Le Solide
49f3d53d-e8e0-48bf-bfc5-02d080c8c137,Chômeur Song
4f39c3e0-2e3c-4b3e-b162-36898a91dac0,Il veut sa ville
e337c7fc-4df8-459b-8a3b-a569efcb9223,Verdun sous couette (en public)
ece12ee5-fd0d-4fa4-bd50-9298d78fc2da,Rock the Mess
6e57c096-9e43-4316-8468-1479260990df,The Metrics
e74e56a3-b151-4fd8-8d0d-c964592ae8ac,Magoo
af9751b0-50a1-49d9-a8f0-e2bcd4d40697,Ambalance
e560c4b7-f745-4564-bd72-5e6ccbe8bc0e,Plethora
437827dc-3749-4602-952c-cfd5d404c04e,The Donkey and the Walrus
8a50d381-309d-4985-a7c5-f1441cc5753e,8° in Buffalo
239ca4aa-6528-4b5d-a0d8-dbcbd24c9d97,The 10 Attacks of Dagger
debee3f6-f9b2-4b87-a40b-044eff66a854,Topolino
a15c3f4c-fbb0-4eb6-91fc-516cb56c542e,Chapeau Russia
91b8ea55-3df7-4bc5-8cf9-0dc74c846c68,4style
3d04a88e-5781-4106-963f-2c4a57a85fae,Elephants
8af13c8f-d346-4323-aeea-0e1e990ccc0d,Superbee
8b8464bd-eff1-4dd5-8b7a-1c6000df3660,Kermit
9ae27cf6-e955-46d5-a242-c8190bca0aef,Lots of Luc
f2a0db70-c93f-45da-bcfc-f6350a578a23,Blazevitch
63274550-bb08-45a6-9212-23b501c17db3,Pig Ears for Lily
9172c55a-90d8-4d51-8694-492d1dad6161,Adventures of Poo-poo and Pee-pee
13ec1cd8-b3a3-4613-8c04-f9172909b915,Carrots
3075a9d0-6fd0-4c69-b38c-b6b5f5b592d0,Open Case
44880373-a01e-4199-bfa5-80cc554295cb,5.24.94
4b25c893-d29b-4b92-9dde-94feafe8919d,No Good With Words
3d31a2b5-de5c-4569-abb0-75c40fd1cb3e,Close Case
4ecc098c-0ee0-40aa-a308-04f3eabdb5fb,The Mummy
0756a2c1-4b56-400e-b2cf-fd49e1d0f562,Dr. Small
35fc69d5-002d-474b-a5c3-780bfc508f18,The Chicken
de7eaf95-f217-4849-ac04-a9580450102f,Two Dollars
bad17ae6-2e60-401a-b9cc-fcbe832550ac,Complicated Sorrow
e1e89655-0aef-448d-86e4-de8d7e1524d8,The Great White Whale
8e5d2135-48f0-47e3-a188-aeea3c6a9d12,Zepplin
96f75a16-9cd7-4ee7-ace1-525e45797ab5,Some Birds
2e32f254-30ff-422f-8d1d-ff9a55b5d6b9,"Hi Hello, It's Tony"
bae1b8fe-e199-4b2e-a25b-3e740bb42d14,Territory
cf3e9bb8-f6ac-489d-91ac-76d933cf3a27,The Sauce Maker
d6b0b49a-84c1-4d4b-9fef-53d8e793bf7b,Brain Liaters
48ac0c87-44ac-4fab-9913-b21cd4692b54,Igor Rosso
00022b16-7de6-4fc0-a8d9-dd072d74acbe,Fists of Spaghetti
ea8d7fd2-f111-43b7-8caf-e3f05d89d9b0,Neal Hamburger
ecbd1de4-760b-425b-9cf9-4878340ba0d0,God Bows to Math
9cc9443a-d24b-41e8-8e14-f8c78801fe89,Does It Suck to Be You
29037c45-52a0-4efe-89aa-0df20ae8a845,Loteria
11049a38-9e61-459e-b03b-dfd38272a71f,Gimpel the Fool
9c7c2a4a-b2c4-4758-b5c9-af2c42b8be6f,The Butcher
6ee58a6f-e87b-4cc9-9988-868b7e7a6287,Tuba Song
2c288fa8-1d78-4dac-9b95-ee72cffee284,Brief Case
031cef7f-c176-4921-93dc-c1d9423f3a00,Flatheads and Spoonies
2bb8bf9b-4c52-4854-a3fb-3a2ec3e548b4,Four Notes of April
2681e18f-4f6b-4905-9cac-72c8331c9008,Noise Song
68d7fbd6-b739-4087-af53-355c65416000,Crumbs and Mumbling
0cec5570-49db-45c2-8dce-edc0563aed5f,The Diagram
e1bf64c3-46b5-447e-800b-9254873936a4,Royronus
582849d3-f070-4f02-8ed4-d1bbce4de696,Eli
cff7e26e-f78f-4a3e-8710-e69ec72273e4,Sevens
5d408980-2374-4ca2-9188-0cd524304481,Clashing
cc36af72-7517-45b0-a5b0-c3cc3004daa4,Air Con Dee
7efd86ba-6d19-487c-8437-9dbe1c8e24b3,Breakfast with Miletus
59354d0f-ee57-47ad-a5e6-510748943c22,Goose Geese
b74f17db-a30f-4c7e-87ac-ea90f7b9b6f1,"Chummus, a Challah, and a Whole Lot of Chutzpah"
9d23e600-bdfe-44bf-a12e-9ef43f0c7aad,Boogie Stop Shuffle
442121c2-2ad5-475a-a179-fbdd9a32f049,There Is a Monster
0a7920bd-19cd-4b76-b6c8-bc9d0abbeaec,The Inspector
c07c9afa-2397-4579-b9e8-803baea17f80,Kuc to Luc
5654d528-9791-4b40-b9e6-1ec9b8f4b3fe,Meat
ad30004e-3059-47d1-a174-966379d42038,Curtains
55b55e49-62d5-4d7a-8a90-41d1881483e3,Out of Case
e94ee4dd-131e-4546-b285-6e741c0566a3,Pete's Dance
863eb163-40c5-47a4-9749-e49d23b7ad64,The Notorious Rumpler
dd023e2f-7f7e-4205-8f59-d0fba02c8a6b,The Parting Surface
be4c5f26-e401-4fd4-842d-b7741bbf8c67,The Short Giraffe
af4a2f0a-b849-4871-a2e1-587037a52175,The Horse and the Tree
2aea9f7e-b27b-403b-832c-b0288260e5a6,Prince Meets the Phantom
1bc417de-5201-4dda-84ba-f5eea7bc93f9,No Accomodation for Buffalo
2a3acaa1-a454-482d-a26f-533345f7ee6c,Carlos the Cat
86bbc995-f856-4666-bbcf-e0a17c63ecee,The Flying Ballerina
5e386bcc-cc1e-4840-8994-eeb2c9dc82da,Scottie Pippen
858b9dd1-ae98-4567-8ac1-414a3fa1df95,Meter Maid
4c5ed0a0-06fb-4b6b-b9e4-81666a89a77d,Bertone
2f24d0d3-024f-43ec-b0da-02819f469798,In Case
cdc268e5-ffd6-4a41-9fa1-b52ce875fcc5,11 O'Clock
bfad638d-3285-4100-899b-b8fafe4a064f,Green Shirt
0ff85e14-6a18-428e-953f-4a0483090870,Fortunado
bbe84e7b-5acb-403e-83d2-1b1511f0119d,Magnum Opie
af2bb881-b401-48c9-9a3b-c8d3d10bcb87,If I Die
21017920-119c-4420-a7f9-8d58ddebbe3c,Auld Lange Syne
2cf345ff-bba3-4a23-8be7-a62913d6662b,Prowling
9b2d6454-8aa4-461f-8b3f-fc95f56329ee,Cairo
5ba34597-4d20-43ab-a0c7-90de2da73a78,JR
88a83ec1-4369-451a-a537-4fb8fcbfcca5,Red Wedding
ca1daac7-4eb4-4f16-b668-6862f2c8a19d,Left in the Dark
ae98eac1-8c12-4202-a902-d57b059ced63,[untitled]
dace4c0f-3478-4bfa-8e90-775a6e8f68ae,Give It Up for Love
2ad6d7fd-3c7c-490a-96e3-15191ffe46ac,Electric Suite
6dac2acb-b604-487e-9834-b71a99842e65,Music's Hypnotizin' (Studio 45's Hypnotizin' mix)
b71b4e93-c0b8-4ab6-8a78-353e13fb10bc,Music's Hypnotizin' (The Next Step mix)
4f777cc9-3ff2-4a32-9da4-c14333057539,Music's Hypnotizin' (Funk Inc. mix)
602e59ac-ef06-4681-8e03-8f2868b1bef8,Nasty Boogie
dcbaf2c2-f3b6-4849-b8f3-8016c589f6d8,Music’s Hypnotisin’
44d1556e-e7c0-4f87-bc13-5789d7ea8183,Runaway
db20104d-0015-4a84-aabf-393118030718,Zulu Groove
17370b2e-6737-4ddc-9401-f4ccf0ce61b7,Sunrising
9ba257d7-fd83-4bb9-86ce-4f4a0520371d,The Ring
c863113e-9c9b-426b-a5a0-bfd319e61175,Da Funk
b930ae56-00bc-4335-a0b2-c0f8b0108c88,Gold Dust
0de6e91b-261f-455e-be69-0459deb202ff,Moonlight
9eb2a529-4959-4909-b68e-a4c397fd097f,We all belong here
b0feb2bd-c548-403d-88a0-3c158ab204b2,If You're Feeling Low
8c79ae48-627b-45a8-b4cb-7143f8132790,Don't Worry
117db11c-e768-4fef-86eb-4d2a7328f18c,Mrs. Brown
24b1b9cf-a54f-4333-ad9b-223d14ada20f,Bring on the Wonder
4b73b90b-24ce-4f15-a3d3-adb2b49e9687,"Skin, bone & silicone"
7e2aea58-95da-40ba-9185-63f53525e533,Perfumes for a life
daee03d7-dcd5-400a-a14c-1157657f89d8,Bird
d96014e6-afdd-4d68-8d89-664e0b0e70aa,Monoplain
f35cda91-6288-448d-9055-849eb7d5ec64,"Skin Bone & Silicone (live, 2010-06-30: Paste Studios, Decatur, GA, USA)"
a4fa993e-c3d5-45f7-b115-a499a3847dea,On Your Side
56134e8f-9409-495f-91d0-e1c9576c6ddb,The Grave
5647202c-f8d0-4b62-a3c7-3c02bb09bc05,Dolce
39d61991-b80a-4b88-8f9b-451704d42893,Allegro
6a324c9b-cbb6-4b65-9556-3bcdf28a17d1,Calmo
13054152-c8bb-4a38-8a62-26eb8c799bc8,Trikuharri
f1547c77-c023-4ca6-93c5-6c9348502b24,Hom Fora Seny
5afe2cfd-4810-45df-bfd5-06c7e82ae930,Segunda
85da51c1-2ded-4ade-969d-07bb33459970,Espresivo
7146c0bb-520d-4a26-9f2d-fdc374c75116,Lur(tierra)
4ce9f308-3666-46bd-91fb-fe098c85dc04,Nabar (Multicolor)
a071ea91-0a46-4322-a6f6-c4e1a4cb7242,Panteón
8955227f-e496-4ce4-92eb-29404544c6e5,El Pájaro De Estinfalo
092a89fa-a118-4052-8279-5c3b9aa8cdb4,Rubato Espressivo
40fca185-a969-471e-96d9-2c0981d91989,Con Fuoco.giusto
ad2f6990-df77-4906-8d2f-630666aaf9c9,Un Poco Rude
c99289c5-5e75-421d-8555-94f235bb5167,Elegía Nº 1
781ff77e-bda9-41d4-bd59-9fd17c51991f,Primera
b362ad33-4aaa-4bdd-a45e-52489d315779,Moderator.deciso
b7ad5a80-dfa4-4a49-bc4d-631e77eb23db,"¿qué Me Da, Que Me Azoto Con La Línea"
d989c6fb-7239-4983-b1a4-fcb79f9875a1,Zaopiekuj się mną
67d2a1ea-d5f2-4df1-989b-1bf9cdd4b51a,Och Lala
655f31fa-0c67-4cea-a7a4-62f748026043,Serce dla...
723024ea-5a2d-4071-970b-ab06a7527406,Nieprzytomnie słodka noc
6ea9b56e-ef08-42b4-b669-0e817bfae7fb,Ciec
994ba529-6c20-4481-9e7a-c246443c0f84,Nie pragnę kwiatów
77dfadf7-dd84-4ae5-a44e-e270b5e69a40,Czarownica
259c134b-52fb-437a-8a57-c22764bc8659,Pod makijażem uwielbienia
babe3db8-effb-485e-b84f-2f9b781bc0c5,Szare gitary
0935ccd7-02a8-4bec-a3f0-8ca751097e8b,"Paryż, miasto wymarzone"
4488d623-b031-478f-8c4d-76cb518c5bb7,Obserwator
8db3f9c2-241a-4ef6-a725-ea8a18e2f575,Rzuć broń
dcbf9fa1-73ac-48bc-b20a-b0ffaf6681ca,Modlitwa o więź
f4367bbb-75b0-4fba-a61d-f1af22f8aa0f,Parasolki
47fbb749-e115-4f9f-b66d-92596e32770d,To tylko mój pogrzeb
6c319ba6-ca4a-4dc0-bb31-619edfc40049,Na półce / pamięci Anny Rusak
fb1e8357-68a5-4951-a397-77e00e01e1a1,Boję się
f495b652-1c22-4698-82ec-788bbecd69fc,Kocha ciebie niebo
932c5cbb-ae2b-41c9-a992-7dd92a5c7e23,Histeria
8f9b3bdb-ce98-44e4-a5e5-fd7f034985d5,Trędowata marionetka
d068a27b-d053-4516-8761-00902539eb4b,Ochrona zdrowia psychicznego
324a73c9-9bb4-40a4-8210-c6f846877479,Zaopiekuj Się Mną
82b07426-dca6-43d2-ab56-cdbbaec6d0df,Walking on Sunshine
68627059-e8df-434c-9803-17e6126d299b,Ridiculous
a14e43aa-0525-4491-8d03-15b327744622,Set It Off
5f9db9c8-dd3d-46a0-96ae-cc6f48bd9683,Hard to Be Easy
61e5c578-35cf-4b83-be5d-fd2eba2121a8,Holiday Inn
aaf292bd-6b1c-40f7-99df-e7209827400e,Change Your Life
a4008463-1ba5-4181-a2ba-952d841de59f,Like I Do
f0dc6540-d649-4ea2-a302-d16e4d9a1985,See You Around
c20ea1a6-0080-4d19-b442-2beb37e77ca4,'68 Comeback
75e25d3d-de13-42cd-bf5a-bf1dd3ed36c3,Dramamine
0110af80-e4e4-40f4-81e5-0019e2ca4a75,Special Guest Star
0195b81d-cb12-4ede-bd7b-7cc074b19130,Black Telephone
c8d79f9e-2cb6-4702-9070-b7163fdbc29f,Paducah
cc1906a1-6e5f-41b9-8d56-6cba66d69a3e,Motel California
af3ac9aa-3a44-4e49-890b-a3546173e7e5,I'd Have You Anytime
dacb0b65-4f80-4b70-8339-7b51e1764206,Get Ready
6b79fd95-e132-4397-9063-1e1715577790,Interlude
d8ed3fe2-bfa3-4680-bdcb-46cee10b3783,Two Game Table
ac9e3669-41bd-4831-a98d-ece3e15215db,Skit
15306699-32e8-4594-8f4d-3d73730babe4,Fantasy
3085a2e3-2538-4204-afde-d1bf7fcd3ccd,"Playboy Baller, Baller"
79396ad4-7c36-45ee-860b-9561b19a9866,Whut It Do? (original)
e4410cf2-e233-4a0b-a46c-350ddd007d77,Rock the Party (Ahh)
00a8fb78-9098-4b6d-aeb5-24e3a611e206,Satisfaction Guaranteed
362b604b-9749-435e-972e-1faeb78efba1,Majorous
d352378b-eec8-411c-84bd-d35e30dd0954,Boyz n da Hood
b19bc8af-9487-462d-a97b-dea4f9e0ded3,Flomasters
4bdc7d68-a197-4032-b8f6-b1158bec63be,Certified Ryders
ac2f71c6-7500-41da-89fc-f2b47580ccbb,Big Dreams
5129103d-2da8-43c6-9d7f-803313eebf8b,Whut It Do? (remix)
1f2a1a88-47fa-4618-a5f0-d54eb8da6cf9,The Lord of the Rings Symphony: Movement Two
9fa2c9c8-d9fe-4e15-8057-6f375387e777,Touch
a8fd321e-2fbe-4713-be9f-cbe77563865e,93 (DJ Ziad/Steve Thomas mix)
68e8c1d6-8af8-4183-94c1-4c462039683e,Get Away
d0487fdb-bfc2-4658-bdf2-fd5c0017a838,Buck the Trend
a63a62ed-c1dd-4c2c-b28c-641ca94a6e96,'93
ca95659b-1e93-4379-97fa-d39fa242c543,Hmmm
6ba5aa63-5255-4b26-b9ee-d7eae5c6a6a2,Inside the Tea House
11f9b13f-5e94-40bc-b4c6-f817ed76f0e7,"Don't Push, Don't Pull, Don't Shove"
e95eb711-9eb8-4c08-905a-16f4f3583917,Church Bells May Ring
ddff4ef2-e1f0-4693-8746-e524ef92cf8b,A-So
8349e8e3-82fd-4980-955c-7e77714cf0b1,My Angel
ed58e6dc-0975-4735-8410-3bb847290699,Baby Tell Me
fb82d9e3-666d-4998-b341-4b8e48d37718,Church bells may ring
a7cb0278-353b-40df-8bd1-0f9e2d011d82,Little Darling
f310cafa-c66e-43ea-9cc7-c44f9714bf9c,Do You Love Me
5192ff77-7ba5-43f1-84ca-fb2f57fbd9d7,Devil On My Shoulder
30eb9001-b00b-438a-89f0-a2dcf61dddb8,Cool Iron
d1cc3ec2-0cd8-4562-9b6f-3ee8ad53f88e,Send Another Moses
ff5b3d4b-87f7-4fd5-ba01-e514be86c776,Let's Fall in Love
d1e67e40-6def-4338-bdca-4a443491025d,All Over the World
336ab69a-eec8-4aef-bd62-0f5434c4506d,Music All Over The World
7fdf5ffd-9dd2-4e1b-9553-537f6c204988,Nemo
72d53e84-5f40-4755-a569-75243e17feee,Train To Benares
9dd32b5d-281e-42b5-8d0c-62bee8c9f851,Regions Sous Le Niveau De La Mer
9f7fa332-9c3c-45c0-839a-17494432d6bd,Year of the Tiger
ce851923-2d46-4d40-a8ab-f3ccae76b078,Ballad of Henry Blake
db1df6c0-bd87-462d-b4ba-5d16b85f6313,A Minor Swing
51df82d6-cae6-4fe9-8dad-a6a31d30f9b3,Lust
3c717f0e-3747-4655-923e-157c37c0cddc,Slack Jaw
16fc098e-ab05-4bb8-8bbe-4c49700b23bf,Danger at Castle Greyskull!
6dc92bc4-d6b9-42b1-898a-7eb16f27a562,Accidento Bizarro
a0a104e2-0b7c-4f2d-8b39-4f12b326d175,Fistful of Kopeks
4a4d7e11-b20b-4dfb-ba21-ba94ce501e20,Keno the Rent Man
c89533c7-7a19-4bdb-bc20-5772838f5cb9,Georgia Hobo
d7fd707d-3f2a-432a-96f9-37a34c851f9c,The Great Ship Went Down
29c21acb-bd7d-4218-af04-7acae0359a39,Where the Morning Glories Grow
783abd3d-4def-45d5-8d6e-bc184cd0dc68,Because He Loved Her So
e81fe01b-b21d-49dd-9d12-d8ba7894d859,How Long?
b5037eac-65f3-4b64-84d4-a75a76387164,Rock That Cradle Lucy
64bbf088-2182-4112-8263-78c78b60d144,The All Go Hungry Hash House
5d94ffff-d050-4f71-9343-da8476148687,Scherzo for Piano Quartet in C-sharp minor
21a29cd2-b987-4491-bbc0-84155bac8967,He Bought My Soul at Calvary
34ac21b4-d38d-425f-a4c0-25011fd8af45,Cotton Mill Blues
b562f3a5-2320-49b2-80a8-f18528841fc4,Star of Hope
d7c30a01-9e7b-42f4-b6be-60b948d2d4f7,Way Up in North Carolina
fe430bc4-038a-49ac-8ac0-874e430cb3fa,I Love You Lord
cb56a513-fdab-475c-8103-8e4314a9c232,Ayer
b8ebbc98-250e-46bf-b957-e140c639a0a5,Batonga
ad47ad33-2d8b-4731-913a-e82b51569a85,Hablame
75fe5a18-af48-46b7-b80b-ed9891943456,No Es Facil Decir Adios
4b5525fc-5d97-4261-baa9-fd74417529d1,Sembrare
6c9937ff-a422-42cb-ae3c-bc88acf8cedd,We We
14a404b1-a87e-4eda-926c-a0360ad12fc0,Piel Blanca
8f1faecf-ba0e-4b5f-b3b5-76a9ec2d67b2,Africa
079beaa4-8c98-41c6-8113-2b76dacf92bc,La Vida Se Nos Da
e144388a-04ec-4dc0-9733-badaee3d083e,Despreocupate
9e03f0ec-ff5e-42d4-819d-9c17834bff45,Hacia Tu Corazon
1cde8254-be74-4014-aca5-760432d2f5fd,Serpiente
be0a554e-8ec0-48ac-9b4c-7986ed042349,Tell Me U Want Me
651cda3e-7234-4a8e-9b9c-92fc6a52e453,Tell Me What You Want
17748b95-72ba-44f1-bcc5-9572865ec28e,One Sweet Life
36e450ba-e83c-4188-9bf5-5cd71899e798,A Little Trouble
f0dbc799-8cae-4f9b-b246-097844727abb,True
75829c27-b1b0-476c-b279-84d07590f39f,Elevate
6f7f800f-4902-4114-a041-04c4c47f04eb,Searching
822f012a-404a-4c6b-a560-aaef1c2c0432,World In A World
c375bb72-111d-4225-9eaa-d1d9ab467cec,DTs
c4b38310-5af8-480d-a0d8-a0673e1c9ed7,Put It Out
51ba55c5-b2dc-4122-bbe6-fe9b47e2d428,Raindown
1308d71a-6224-4304-8a87-7f55714081af,Navigator
e5a8ab6e-afc8-468e-b7ae-514be379b47e,System
43d35fd4-6d33-47e2-aede-d36cde43b218,Lemonaide Kid
a9433960-8dac-4dfb-ae56-471cae41ab15,Rain
b99e84fc-4710-4232-9d19-932e4b376f85,Medley: Bye Bye / Easy Jack
d0443512-abca-4fa7-89bf-50bb94cf19e7,I Miss You
489a2e57-6dca-4dbb-a88e-80b04a27d1f3,Bryte 'N' Clear Day
aec8102e-8c02-4e16-b05f-1b131cb5dfb8,Electric Sailor
78848064-deb9-4717-9ad1-6dd9dea2cfca,Disbelievin'
3633d194-edc8-4e99-9cd3-de71cad734ef,Lonely People Blues
db173929-b695-4e3b-990c-c487445cc1c6,Good Time Music
58387fce-4bff-42ae-971b-14fa4ba98136,Everything's Changing
cc29d076-9ec9-4d82-8c6c-dea6a5d7cd60,I've Got Time
5d4a34cc-c3b1-4bd0-9e3d-3ec18b5d720a,Medley: Mirage / Rain (acoustic live version)
93c9c869-4710-4472-99a7-caeb1d1dfbff,HCO 97658
9790a826-c7d5-49bc-ab07-d5440b66a28d,Trieulogy
04e08812-0b7e-44e1-a399-f927d250fac0,Flowing By
3a4860e8-a78c-460f-90b9-597edb623575,When Love Comes In
d242c1bd-18aa-40c3-a57b-63ecb5455e08,Flight From the East
da42b176-0f75-4dc8-a399-c8d55e45c865,Goodbye Cruel Love
2ac675b6-b07f-4a7c-9fcf-ec30777f1b62,Plastic Hits
a42f3cf0-f916-4ac4-a5da-5af9649937d9,Plastic Jam
b1f644e5-1365-49f4-a0a2-07f02b9a976c,Beef the Diver
53012715-2e74-4311-b49b-f14023af3bfc,Scared So
98da8513-d272-4656-9a74-e5f70b93c23e,Back to the Suburbs
97b2bce9-1dc4-4588-8947-95a4a719d93e,The Night You Told Me (My Body Was a Must)
ca62f7d4-64d2-48e1-a02c-c86b870ced91,Glad All Over
69a8bba9-75fd-4aca-85e0-1a70022cffed,Easy for You
8ba98b78-431d-4eb7-8949-0c52e9bce539,Hyattsville Hospital
2f1892b7-5fe6-457b-84d2-5f4369e8878d,Probably Nothing
495105a3-9fdc-4cd6-af91-8232f47df3d6,Never Mind
c604e71b-f692-4279-a8be-8944bf65e917,Distraction
f1bf515c-ef57-4456-a4cf-6ed9155833db,Pine Street
edb1c83b-1c7d-47f6-a421-b6a8d594efef,劍器渾脫（箏獨奏） 般涉調
66b3b1ab-8d16-4888-8930-32176f440208,王昭君（箏齊秦）（大食調）
b009fb07-1c1a-4132-b783-3acafb07e9b6,春楊柳（絲弦合奏）（平調）
4b7d6ba5-59fe-48f8-a1f4-f584c4c76eb2,レッツゴー！陰陽師
c797558f-c5b7-4c94-9787-d3b08b7a5ca6,Ain't No (original)
109a4d37-94c3-4cb8-9589-5d45f92bb257,"Ain't No (Gene Farris ""High Enough"" remix)"
2ea59926-d9b1-47ce-9c78-1ecbbc8f81c6,Sensazione
e990a6be-ebfa-406c-96a7-eb71e81d8e2d,The Motorcade
8cef67c5-3a4c-4ee4-aa5c-9d2ba3714dd3,M-Invasion
3875e807-884d-4734-92dd-669195b1c0e9,Crash the Cat
eb61946f-8021-483d-8ab0-c30ec9cf4565,On a Night Train
f2248a94-bbf5-4150-b33b-36d87f7fed24,Ghetto Blues
8241201e-eb6e-4399-8115-91fba666c04b,Nightbirds
c9a03e87-526f-43df-8688-78e45a508fc3,Weave Room Blues
ad7a0dec-6f4e-4990-acc3-62e6997555ea,Now Rectify
56cd9742-de19-43d7-9fb1-87c47a352084,The Flame (Mister Seven radio edit)
c43a7875-f727-44bd-86ae-b265eb8e5565,Step Back (vocal single edit)
